ANO,Código da Unidade da Federação,Nome da Unidade da Federação,Código do Município,Município,Mortalidade infantil,Probabilidade de sobrevivência até 60 anos,Taxa de analfabetismo - 25 anos ou mais,Taxa de frequência líquida ao fundamental,Taxa de frequência líquida ao médio,Taxa de frequência líquida à pré-escola,Taxa de frequência líquida ao superior,% de 25 anos ou mais com médio completo,% de 25 anos ou mais com superior completo,Renda per capita máxima do 1º quinto mais pobre,Renda per capita mínima do décimo mais rico,% de extremamente pobres,Renda per capita,Renda per capita média do 1º quinto mais pobre,Renda per capita média do décimo mais rico,% de empregados com carteira - 18 anos ou mais,% de empregados sem carteira - 18 anos ou mais,% da população em domicílios com água encanada,% da população em domicílios com energia elétrica,% de mulheres de 10 a 14 anos que tiveram filhos,% de mulheres de 15 a 17 anos que tiveram filhos,% de pessoas em domicílios sem energia elétrica,População residente masculina,População residente feminina,População rural,População total,População urbana,População total em domicílios particulares permanentes,IDHM,IDHM Educação,IDHM Longevidade,IDHM Renda,Sigla da Unidade da Federação,Nome das Grandes Regiões,PIB per capita a preços correntes,% de empregados total - 18 anos ou mais
2010,26,Pernambuco,260005,ABREU E LIMA,20.1,85.9,12.38,92.59,43.87,65.77,8.38,32.65,3.28,138.8,765.5,6.99,390.4,83.36,1323.45,51.86,20.68,96.57,99.99,0.31,7.55,0.01,45125,49304,7804,94429,86625,93828,0.679,0.632,0.791,0.625,PE,Nordeste,8977.82,72.53999999999999
2010,26,Pernambuco,260010,AFOGADOS DA INGAZEIRA,17.8,87.34,29.15,89.65,32.88,60.42,7.83,24.35,6.44,94.54,770.0,16.09,386.56,42.7,1699.67,21.9,27.22,84.92,99.78,0.0,10.68,0.22,16790,18298,7686,35088,27402,34944,0.657,0.565,0.807,0.623,PE,Nordeste,5634.45,49.12
2010,26,Pernambuco,260020,AFRÂNIO,24.9,83.01,33.79,96.32,39.7,68.62,8.43,11.4,2.66,43.75,510.0,27.14,233.59,22.82,870.54,13.95,37.66,43.04,98.27,0.49,7.24,1.73,8750,8836,11725,17586,5861,17524,0.588,0.493,0.761,0.542,PE,Nordeste,4578.71,51.61
2010,26,Pernambuco,260030,AGRESTINA,25.3,82.83,40.99,89.63,27.1,73.79,4.58,12.49,2.48,85.0,540.0,15.31,297.02,46.16,1036.27,16.15,31.27,82.68,99.65,0.0,8.16,0.35,10935,11744,5722,22679,16957,22679,0.592,0.47,0.76,0.581,PE,Nordeste,5536.69,47.42
2010,26,Pernambuco,260040,ÁGUA PRETA,25.0,82.94,40.37,91.15,23.49,27.92,3.22,15.32,2.64,49.54,386.0,24.59,195.47,24.43,687.27,40.68,25.9,77.8,99.17,0.88,9.89,0.83,16610,16485,14345,33095,18750,32476,0.553,0.432,0.761,0.514,PE,Nordeste,4353.94,66.58
2010,26,Pernambuco,260050,ÁGUAS BELAS,39.0,75.48,49.59,94.01,18.59,38.87,5.49,12.59,2.65,32.0,510.0,31.96,239.3,19.47,959.2,8.62,23.45,65.38,99.23,0.42,8.4,0.77,19666,20569,15671,40235,24564,39996,0.526,0.385,0.691,0.546,PE,Nordeste,4454.82,32.07
2010,26,Pernambuco,260060,ALAGOINHA,18.6,86.8,32.93,93.48,29.6,64.94,7.15,16.84,3.57,77.33,560.0,18.93,275.5,38.33,968.45,8.84,32.24,38.3,99.3,1.67,5.62,0.7,6913,6846,5990,13759,7769,13759,0.599,0.472,0.801,0.569,PE,Nordeste,4608.15,41.08
2010,26,Pernambuco,260070,ALIANÇA,18.9,86.63,34.14,92.36,24.42,63.59,6.03,17.52,2.86,98.14,510.0,11.87,269.86,53.9,977.59,48.87,22.89,88.99,99.77,0.48,9.66,0.23,18579,18836,17168,37415,20247,37380,0.604,0.488,0.799,0.565,PE,Nordeste,5012.97,71.75999999999999
2010,26,Pernambuco,260080,ALTINHO,19.9,86.03,42.84,94.86,40.77,56.89,3.84,13.5,2.39,61.17,525.0,22.53,259.21,32.49,970.14,13.68,29.14,66.1,99.37,0.0,5.31,0.63,11106,11247,9577,22353,12776,22272,0.598,0.482,0.792,0.559,PE,Nordeste,4182.58,42.82
2010,26,Pernambuco,260090,AMARAJI,27.3,81.67,40.12,91.0,19.91,36.49,2.26,13.72,3.06,98.33,512.5,11.07,286.59,59.38,1202.75,29.96,29.59,86.88,99.26,0.0,8.23,0.74,10984,10955,5894,21939,16045,21930,0.58,0.454,0.748,0.575,PE,Nordeste,5152.84,59.55
2010,26,Pernambuco,260100,ANGELIM,26.7,82.01,41.61,93.48,28.46,48.27,2.89,15.06,2.79,33.6,513.5,27.85,253.26,18.9,1125.15,9.1,24.14,74.85,99.45,0.0,8.97,0.55,5018,5184,4115,10202,6087,10193,0.572,0.448,0.751,0.555,PE,Nordeste,4124.37,33.24
2010,26,Pernambuco,260105,ARAÇOIABA,24.4,83.34,31.18,93.34,30.0,69.42,1.76,17.88,1.61,78.56,450.0,16.32,236.1,38.68,758.9,52.1,21.89,80.12,99.73,0.0,8.77,0.27,9027,9129,2888,18156,15268,18055,0.592,0.498,0.765,0.544,PE,Nordeste,3550.52,73.99000000000001
2010,26,Pernambuco,260110,ARARIPINA,21.0,85.37,31.93,91.55,24.86,50.47,7.31,17.41,6.12,78.18,565.0,17.75,324.01,39.35,1439.16,17.97,32.21,57.12,97.69,0.39,12.98,2.31,37836,39466,30394,77302,46908,77085,0.602,0.467,0.785,0.595,PE,Nordeste,5347.29,50.18
2010,26,Pernambuco,260120,ARCOVERDE,18.9,86.66,21.46,92.82,30.04,61.33,9.04,33.05,9.33,101.43,1000.0,13.31,469.53,54.61,2149.63,28.87,27.55,88.64,99.19,0.59,5.2,0.81,32369,36424,6125,68793,62668,68019,0.667,0.567,0.799,0.654,PE,Nordeste,6013.25,56.42
2010,26,Pernambuco,260130,BARRA DE GUABIRABA,31.6,79.31,44.24,89.8,29.13,51.59,2.44,15.28,2.25,78.0,510.0,17.45,257.4,40.79,975.0,22.42,43.33,95.85,98.95,0.67,12.07,1.05,6515,6261,1386,12776,11390,12751,0.577,0.474,0.726,0.558,PE,Nordeste,4030.61,65.75
2010,26,Pernambuco,260140,BARREIROS,30.6,79.8,29.38,90.12,26.76,47.87,4.56,24.79,4.19,63.75,555.0,21.12,263.2,21.33,1076.99,42.22,24.31,82.06,99.54,0.87,13.78,0.46,19885,20847,6750,40732,33982,39670,0.586,0.491,0.73,0.561,PE,Nordeste,4941.81,66.53
2010,26,Pernambuco,260150,BELÉM DE MARIA,27.1,81.78,42.55,96.63,40.17,53.61,2.71,15.35,1.91,79.14,510.0,15.21,226.82,50.7,779.33,9.55,36.51,66.88,99.96,0.0,3.07,0.04,5635,5718,3362,11353,7991,11194,0.578,0.479,0.749,0.537,PE,Nordeste,4065.64,46.06
2010,26,Pernambuco,260160,BELÉM DO SÃO FRANCISCO,21.1,85.26,27.47,91.8,38.42,41.36,15.08,27.58,8.58,58.8,670.0,22.24,357.77,26.12,1826.84,10.92,36.56,65.45,97.67,0.0,9.97,2.33,9960,10293,7671,20253,12582,20177,0.642,0.553,0.784,0.611,PE,Nordeste,5170.02,47.480000000000004
2010,26,Pernambuco,260170,BELO JARDIM,21.4,85.09,31.01,93.06,30.17,66.4,7.91,22.12,6.6,103.0,710.0,12.11,372.93,57.35,1455.44,28.65,28.16,88.91,99.34,0.0,5.71,0.66,34780,37652,14199,72432,58233,72258,0.629,0.514,0.783,0.617,PE,Nordeste,10835.77,56.81
2010,26,Pernambuco,260180,BETÂNIA,28.4,81.05,41.91,88.72,37.97,42.35,5.28,10.76,3.05,29.0,510.0,31.35,220.19,19.28,802.39,16.54,37.39,69.88,98.89,0.77,14.83,1.11,6008,5995,8291,12003,3712,11951,0.559,0.441,0.742,0.533,PE,Nordeste,4052.99,53.93
2010,26,Pernambuco,260190,BEZERROS,26.6,82.03,34.62,91.47,32.33,52.96,7.03,15.57,3.75,98.4,656.67,14.75,351.75,47.05,1390.37,20.06,32.85,83.81,99.28,0.14,5.22,0.72,28050,30618,8928,58668,49740,58612,0.606,0.487,0.752,0.608,PE,Nordeste,5746.13,52.91
2010,26,Pernambuco,260200,BODOCÓ,27.9,81.3,38.68,93.23,28.65,33.56,6.08,15.27,3.39,42.4,510.0,28.08,234.36,23.84,874.45,9.18,37.48,47.85,96.47,0.6,5.33,3.53,17621,17537,22334,35158,12824,34990,0.565,0.445,0.745,0.543,PE,Nordeste,4763.22,46.66
2010,26,Pernambuco,260210,BOM CONSELHO,36.1,76.92,42.17,94.83,26.33,43.88,5.37,16.51,3.88,53.0,564.0,27.22,305.57,28.39,1496.92,12.6,29.83,68.85,99.44,1.34,10.89,0.56,22004,23499,15724,45503,29779,45286,0.563,0.433,0.704,0.585,PE,Nordeste,6826.26,42.43
2010,26,Pernambuco,260220,BOM JARDIM,24.0,83.53,38.12,90.35,42.17,52.54,4.86,14.87,2.7,55.0,520.0,21.75,248.98,28.44,881.17,18.96,17.83,68.61,99.57,0.81,5.6,0.43,18477,19349,22631,37826,15195,37790,0.602,0.515,0.767,0.552,PE,Nordeste,4953.3,36.79
2010,26,Pernambuco,260230,BONITO,26.1,82.31,39.83,94.57,29.66,61.0,3.1,14.85,4.0,62.0,516.0,23.7,258.52,29.77,1063.65,16.09,40.3,88.36,99.3,0.89,4.05,0.7,18577,18989,11358,37566,26208,37449,0.561,0.42,0.754,0.559,PE,Nordeste,5411.6,56.39
2010,26,Pernambuco,260240,BREJÃO,31.6,79.26,40.11,94.97,25.92,46.91,2.83,13.73,2.83,72.5,510.0,19.77,230.85,35.11,799.71,13.24,32.57,81.76,99.4,0.0,16.21,0.6,4334,4510,5280,8844,3564,8827,0.547,0.417,0.725,0.54,PE,Nordeste,6256.92,45.81
2010,26,Pernambuco,260250,BREJINHO,41.3,74.36,33.43,95.78,42.76,59.76,9.23,14.12,4.6,56.67,513.33,22.81,266.21,29.61,878.66,18.17,30.95,50.4,98.59,0.29,7.63,1.41,3608,3699,3921,7307,3386,7297,0.574,0.493,0.681,0.563,PE,Nordeste,4144.37,49.120000000000005
2010,26,Pernambuco,260260,BREJO DA MADRE DE DEUS,29.8,80.23,41.1,91.68,21.57,44.56,2.57,11.09,2.81,98.0,510.67,12.87,296.7,55.31,1071.1,10.61,43.78,54.89,99.42,0.0,15.82,0.58,22180,23000,10056,45180,35124,45081,0.562,0.417,0.734,0.581,PE,Nordeste,4280.7,54.39
2010,26,Pernambuco,260270,BUENOS AIRES,22.2,84.63,35.39,92.18,23.59,59.89,6.02,17.14,2.37,95.67,525.0,13.79,254.03,47.59,859.69,30.72,24.47,83.66,99.43,0.0,15.28,0.57,6197,6340,4620,12537,7917,12515,0.593,0.481,0.778,0.556,PE,Nordeste,4801.08,55.19
2010,26,Pernambuco,260280,BUÍQUE,27.7,81.43,51.05,90.53,23.98,42.34,2.45,9.18,2.69,28.0,425.0,38.73,176.76,17.16,725.05,8.96,28.98,49.71,97.47,0.0,4.97,2.53,25641,26464,30910,52105,21195,51801,0.527,0.395,0.746,0.497,PE,Nordeste,5243.77,37.94
2010,26,Pernambuco,260290,CABO DE SANTO AGOSTINHO,17.2,87.9,16.16,90.03,35.48,62.28,5.59,33.48,3.6,142.5,805.0,5.98,467.07,88.55,2009.23,61.74,17.7,94.52,99.93,0.4,10.81,0.07,90859,94166,17242,185025,167783,184209,0.686,0.609,0.812,0.654,PE,Nordeste,24179.78,79.44
2010,26,Pernambuco,260300,CABROBÓ,22.9,84.18,30.59,91.07,33.32,55.93,5.96,19.79,3.8,63.75,540.0,22.12,298.14,33.66,1391.44,11.85,37.65,79.12,98.03,0.55,11.78,1.97,15052,15821,11075,30873,19798,30777,0.623,0.539,0.773,0.581,PE,Nordeste,6051.35,49.5
2010,26,Pernambuco,260310,CACHOEIRINHA,26.4,82.17,39.97,93.0,24.95,59.9,5.91,13.5,2.24,92.0,582.5,15.44,308.18,45.83,1061.9,10.8,35.34,68.18,99.38,1.07,10.65,0.62,9104,9715,3614,18819,15205,18774,0.579,0.439,0.753,0.587,PE,Nordeste,5491.25,46.14
2010,26,Pernambuco,260320,CAETÉS,30.2,80.02,49.7,88.75,29.0,68.67,5.34,7.69,1.58,22.33,500.0,42.77,176.77,6.17,705.41,5.33,18.27,26.91,99.46,0.61,8.04,0.54,13172,13405,19057,26577,7520,26504,0.522,0.392,0.732,0.497,PE,Nordeste,3970.28,23.6
2010,26,Pernambuco,260330,CALÇADO,30.6,79.85,40.84,95.27,32.87,58.02,4.29,13.15,2.21,50.0,510.0,30.24,215.47,26.69,786.48,3.49,22.37,46.17,99.46,0.0,5.16,0.54,5566,5559,7315,11125,3810,11096,0.566,0.468,0.731,0.529,PE,Nordeste,5031.52,25.86
2010,26,Pernambuco,260340,CALUMBI,33.7,78.15,40.83,90.99,39.64,36.36,6.72,12.89,2.15,42.5,511.5,25.95,272.66,25.04,1088.01,11.94,29.03,81.56,99.58,0.0,5.95,0.42,2722,2926,3468,5648,2180,5645,0.571,0.46,0.715,0.567,PE,Nordeste,4364.98,40.97
2010,26,Pernambuco,260345,CAMARAGIBE,18.1,87.17,13.34,90.05,41.26,58.33,8.72,35.45,5.12,158.0,833.33,5.1,473.78,98.43,1946.88,53.58,21.35,94.34,99.85,0.92,4.86,0.15,69212,75254,0,144466,144466,143599,0.692,0.628,0.805,0.656,PE,Nordeste,5237.1,74.93
2010,26,Pernambuco,260350,CAMOCIM DE SÃO FÉLIX,29.2,80.57,40.44,93.91,32.89,69.74,4.25,13.4,3.05,80.0,560.0,16.0,305.53,47.28,1251.54,13.77,44.79,88.55,99.42,0.11,13.3,0.58,8322,8782,2777,17104,14327,17019,0.588,0.472,0.738,0.585,PE,Nordeste,5368.15,58.56
2010,26,Pernambuco,260360,CAMUTANGA,25.2,82.85,33.7,93.03,31.01,43.56,5.71,20.86,4.2,94.67,545.0,15.0,278.04,45.78,970.11,23.72,29.43,89.44,98.66,0.0,12.57,1.34,4086,4070,1622,8156,6534,8156,0.606,0.514,0.76,0.57,PE,Nordeste,18283.7,53.15
2010,26,Pernambuco,260370,CANHOTINHO,31.7,79.21,45.35,89.87,27.4,43.13,2.88,14.93,2.92,55.0,510.5,23.79,234.75,24.69,943.71,15.08,26.71,78.26,98.35,2.29,9.67,1.65,12365,12156,10415,24521,14106,23566,0.541,0.403,0.725,0.543,PE,Nordeste,4330.8,41.79
2010,26,Pernambuco,260380,CAPOEIRAS,27.7,81.42,40.96,93.9,30.98,24.84,2.85,10.44,1.71,40.4,507.5,26.23,215.71,20.8,737.38,6.3,21.83,38.78,99.6,0.0,5.58,0.4,9772,9821,13330,19593,6263,19483,0.549,0.419,0.746,0.529,PE,Nordeste,4726.03,28.13
2010,26,Pernambuco,260390,CARNAÍBA,31.3,79.45,35.21,88.15,40.49,57.46,4.71,15.24,3.92,30.0,516.5,30.19,229.87,21.09,880.37,11.84,24.78,60.89,99.37,0.0,7.99,0.63,9166,9408,10950,18574,7624,18569,0.583,0.505,0.727,0.54,PE,Nordeste,3951.77,36.620000000000005
2010,26,Pernambuco,260392,CARNAUBEIRA DA PENHA,26.0,82.37,36.19,96.4,41.57,36.9,7.86,17.68,2.79,26.8,390.0,40.47,170.02,17.34,665.26,4.81,33.86,42.1,97.35,0.0,8.03,2.65,5989,5793,9800,11782,1982,11767,0.573,0.508,0.755,0.491,PE,Nordeste,4092.74,38.67
2010,26,Pernambuco,260400,CARPINA,17.9,87.29,19.96,91.22,38.8,62.59,8.98,33.81,6.93,126.8,815.0,8.86,403.76,69.48,1548.07,41.58,28.51,90.06,99.68,0.0,6.07,0.32,35563,39295,2802,74858,72056,74639,0.68,0.619,0.806,0.63,PE,Nordeste,7725.5,70.09
2010,26,Pernambuco,260410,CARUARU,18.91,86.69,19.21,89.8,32.29,53.93,10.19,29.23,7.63,164.4,1020.0,5.66,553.99,95.97,2369.61,34.62,23.0,89.22,99.68,0.18,7.74,0.32,149153,165759,35323,314912,279589,313111,0.677,0.569,0.799,0.681,PE,Nordeste,9536.83,57.62
2010,26,Pernambuco,260415,CASINHAS,32.5,78.79,41.23,92.54,36.82,60.83,1.75,11.14,2.14,53.2,447.0,23.28,200.83,21.95,574.42,21.65,23.84,23.16,99.14,0.0,5.02,0.86,6799,6967,12062,13766,1704,13762,0.567,0.489,0.721,0.518,PE,Nordeste,4894.78,45.489999999999995
2010,26,Pernambuco,260420,CATENDE,25.2,82.86,34.07,91.41,30.05,47.11,4.06,23.88,4.47,77.33,590.0,17.49,292.74,34.19,1211.38,33.58,26.19,84.24,99.67,1.99,10.68,0.33,18303,19517,8959,37820,28861,37017,0.609,0.515,0.76,0.578,PE,Nordeste,5106.07,59.769999999999996
2010,26,Pernambuco,260430,CEDRO,33.4,78.34,30.21,90.78,43.45,60.0,6.4,20.02,4.41,61.17,510.0,22.82,269.64,35.22,1186.18,13.97,43.53,65.57,99.44,0.0,2.95,0.56,5391,5387,4487,10778,6291,10763,0.615,0.573,0.717,0.565,PE,Nordeste,4281.32,57.5
2010,26,Pernambuco,260440,CHÃ DE ALEGRIA,24.9,83.03,31.95,95.34,39.33,79.31,1.61,20.94,2.4,75.5,510.0,18.95,239.04,32.19,704.86,35.09,24.98,70.63,99.1,0.0,8.97,0.9,6096,6308,2839,12404,9565,12388,0.604,0.529,0.762,0.546,PE,Nordeste,4611.56,60.07000000000001
2010,26,Pernambuco,260450,CHÃ GRANDE,18.3,87.01,39.15,94.35,23.33,59.96,4.7,14.76,3.32,98.4,576.67,12.43,341.34,55.74,1529.87,14.84,38.7,76.02,99.85,0.0,7.29,0.15,9982,10155,6445,20137,13692,20109,0.599,0.443,0.803,0.603,PE,Nordeste,5468.13,53.540000000000006
2010,26,Pernambuco,260460,CONDADO,34.1,77.96,33.3,95.04,43.34,71.68,5.87,21.95,3.76,88.33,530.0,15.29,297.68,41.98,1277.92,38.04,30.56,79.37,99.63,0.0,8.24,0.37,11844,12438,1645,24282,22637,23784,0.602,0.527,0.713,0.581,PE,Nordeste,4865.96,68.6
2010,26,Pernambuco,260470,CORRENTES,31.4,79.37,41.95,90.94,18.07,18.38,8.59,15.26,3.33,68.5,510.0,20.16,247.2,34.39,901.06,10.77,23.84,77.69,99.49,1.0,10.15,0.51,8610,8809,7090,17419,10329,17285,0.536,0.385,0.726,0.551,PE,Nordeste,4611.35,34.61
2010,26,Pernambuco,260480,CORTÊS,35.4,77.3,37.99,94.61,29.48,69.27,3.09,16.78,3.1,76.67,510.0,17.97,232.22,41.51,742.5,44.14,30.79,82.16,99.95,0.91,9.33,0.05,6183,6269,4551,12452,7901,12342,0.568,0.478,0.707,0.541,PE,Nordeste,8889.08,74.93
2010,26,Pernambuco,260490,CUMARU,32.8,78.66,40.54,92.26,32.58,62.88,5.73,13.13,3.46,56.0,514.33,22.42,249.32,25.86,977.57,14.16,21.27,32.13,99.74,0.57,6.37,0.26,8508,8675,9144,17183,8039,17099,0.572,0.47,0.72,0.553,PE,Nordeste,5487.9,35.43
2010,26,Pernambuco,260500,CUPIRA,24.6,83.21,38.65,93.67,28.61,35.79,4.53,15.77,4.03,98.33,625.0,12.1,336.81,56.17,1248.1,11.96,37.29,86.27,99.33,0.81,9.47,0.67,11050,12340,2603,23390,20787,23265,0.592,0.453,0.763,0.601,PE,Nordeste,4915.87,49.25
2010,26,Pernambuco,260510,CUSTÓDIA,35.7,77.12,33.78,91.4,26.8,63.28,8.73,15.46,4.78,87.5,663.33,17.83,350.0,38.23,1387.44,28.46,24.65,61.54,99.4,0.0,7.07,0.6,16652,17203,12139,33855,21716,33844,0.594,0.489,0.706,0.607,PE,Nordeste,6052.05,53.11
2010,26,Pernambuco,260515,DORMENTES,28.6,80.94,33.96,91.53,39.41,52.33,2.75,15.18,3.15,83.33,523.33,16.8,257.72,45.84,898.61,9.41,19.4,49.98,96.95,0.57,3.11,3.05,8657,8260,10913,16917,6004,16878,0.589,0.495,0.741,0.558,PE,Nordeste,5628.02,28.81
2010,26,Pernambuco,260520,ESCADA,21.7,84.9,27.44,89.08,34.6,63.6,3.37,24.4,2.76,123.0,590.0,9.35,322.46,68.21,1163.07,61.51,17.21,88.12,99.86,1.0,12.1,0.14,31151,32366,9553,63517,53964,63424,0.632,0.543,0.781,0.594,PE,Nordeste,7452.73,78.72
2010,26,Pernambuco,260530,EXU,22.7,84.32,33.0,93.93,27.89,34.4,5.13,16.33,3.29,48.0,510.0,29.07,234.83,25.88,978.0,7.2,38.56,51.59,97.96,0.0,6.42,2.04,15485,16151,15333,31636,16303,31609,0.576,0.454,0.775,0.543,PE,Nordeste,4904.04,45.760000000000005
2010,26,Pernambuco,260540,FEIRA NOVA,17.7,87.39,37.55,95.84,35.31,57.9,7.35,12.78,2.77,93.0,530.0,15.18,296.5,46.6,1028.76,16.87,39.6,72.18,99.68,1.86,4.19,0.32,9972,10599,4258,20571,16313,20553,0.6,0.46,0.807,0.581,PE,Nordeste,4189.94,56.47
2010,26,Pernambuco,260545,FERNANDO DE NORONHA,13.4,90.16,5.65,98.24,52.27,81.43,11.06,39.89,10.24,372.0,2166.67,0.0,1034.14,275.15,3811.02,39.56,21.67,99.32,100.0,0.0,7.43,0.0,1292,1338,0,2630,2630,2127,0.788,0.748,0.839,0.781,PE,Nordeste,12792.64,61.230000000000004
2010,26,Pernambuco,260550,FERREIROS,20.6,85.56,35.9,95.86,37.37,84.75,8.01,17.34,3.71,102.0,510.5,13.0,311.83,53.64,1221.61,32.2,23.99,84.48,99.56,0.9,8.58,0.44,5642,5788,2268,11430,9162,11393,0.622,0.519,0.787,0.589,PE,Nordeste,5831.01,56.19
2010,26,Pernambuco,260560,FLORES,27.9,81.3,41.25,93.48,33.51,41.24,3.38,11.36,2.66,33.5,511.5,28.03,236.31,21.98,830.65,17.73,27.69,57.55,98.98,0.0,3.02,1.02,10938,11231,12805,22169,9364,22123,0.556,0.423,0.745,0.544,PE,Nordeste,4017.31,45.42
2010,26,Pernambuco,260570,FLORESTA,22.6,84.4,23.81,91.14,32.8,53.24,9.65,28.44,7.19,86.25,565.0,16.24,310.39,40.49,1198.17,18.18,36.83,66.8,97.74,0.66,16.12,2.26,14431,14854,9312,29285,19973,29257,0.626,0.538,0.775,0.588,PE,Nordeste,9773.55,55.01
2010,26,Pernambuco,260580,FREI MIGUELINHO,25.5,82.66,38.8,90.86,32.54,64.67,4.0,8.42,2.1,88.67,520.0,17.1,286.08,36.22,870.31,9.92,32.98,33.96,99.79,0.0,1.64,0.21,6998,7295,10904,14293,3389,14275,0.576,0.438,0.758,0.575,PE,Nordeste,4230.19,42.9
2010,26,Pernambuco,260590,GAMELEIRA,25.3,82.78,34.97,90.37,27.77,38.44,2.56,23.13,1.5,85.33,469.0,14.12,231.5,49.72,805.86,53.4,21.72,70.38,99.44,0.0,6.08,0.56,14102,13810,8408,27912,19504,27799,0.602,0.532,0.759,0.541,PE,Nordeste,4148.19,75.12
2010,26,Pernambuco,260600,GARANHUNS,19.5,86.26,21.83,93.7,37.87,53.34,11.57,31.07,9.47,111.43,1000.0,12.07,492.44,57.74,2268.84,30.67,25.47,90.06,99.66,0.65,5.69,0.34,60976,68432,14052,129408,115356,128786,0.664,0.556,0.795,0.662,PE,Nordeste,8811.07,56.14
2010,26,Pernambuco,260610,GLÓRIA DO GOITÁ,24.3,83.35,38.46,95.14,33.61,59.68,2.1,15.72,3.3,82.4,520.0,16.55,278.33,42.94,1241.49,14.58,26.76,58.05,99.56,0.0,8.04,0.44,14166,14853,13585,29019,15434,28971,0.604,0.506,0.765,0.57,PE,Nordeste,4011.0,41.34
2010,26,Pernambuco,260620,GOIANA,21.9,84.78,22.74,91.49,35.56,62.48,5.87,30.95,5.3,103.67,693.75,12.71,364.77,54.67,1543.87,42.32,23.46,85.85,99.77,0.3,7.31,0.23,36644,39000,17619,75644,58025,75453,0.651,0.576,0.779,0.614,PE,Nordeste,9706.3,65.78
2010,26,Pernambuco,260630,GRANITO,22.9,84.2,35.82,96.72,22.49,57.05,8.57,16.27,2.46,46.0,510.0,28.79,234.9,26.65,870.11,10.8,39.94,58.19,96.37,0.0,9.26,3.63,3451,3404,3677,6855,3178,6785,0.595,0.502,0.773,0.543,PE,Nordeste,5794.29,50.739999999999995
2010,26,Pernambuco,260640,GRAVATÁ,19.6,86.17,27.76,94.56,31.51,67.04,7.37,19.15,4.19,125.0,760.0,9.67,402.96,67.78,1702.81,24.74,35.39,87.3,99.58,0.27,5.85,0.42,36904,39554,8073,76458,68385,76074,0.634,0.51,0.794,0.63,PE,Nordeste,6171.47,60.129999999999995
2010,26,Pernambuco,260650,IATI,23.7,83.7,49.82,88.37,23.13,45.08,2.81,9.86,2.11,26.8,503.33,34.12,200.95,15.45,774.93,7.71,25.44,52.34,97.86,0.97,7.01,2.14,9180,9180,10642,18360,7718,18342,0.528,0.369,0.768,0.518,PE,Nordeste,4194.93,33.15
2010,26,Pernambuco,260660,IBIMIRIM,35.7,77.12,41.9,90.09,26.03,38.23,2.39,13.88,1.62,51.43,500.0,25.84,220.98,27.96,809.33,11.2,34.36,63.28,99.03,0.0,11.83,0.97,13350,13604,12059,26954,14895,26741,0.552,0.446,0.706,0.533,PE,Nordeste,5141.96,45.56
2010,26,Pernambuco,260670,IBIRAJUBA,26.5,82.13,44.44,93.41,34.29,47.68,2.56,12.42,1.54,67.6,510.0,20.91,238.23,36.47,750.14,5.0,26.71,48.69,98.96,0.83,2.88,1.04,3791,3743,4394,7534,3140,7492,0.58,0.476,0.753,0.545,PE,Nordeste,5396.38,31.71
2010,26,Pernambuco,260680,IGARASSU,21.7,84.9,17.71,92.28,37.7,62.65,6.33,31.72,3.57,134.86,701.0,8.44,384.1,77.29,1436.85,53.54,20.99,91.5,99.76,0.33,3.64,0.24,49316,52705,8090,102021,93931,101763,0.665,0.606,0.781,0.622,PE,Nordeste,11244.11,74.53
2010,26,Pernambuco,260690,IGUARACI,23.5,83.86,35.55,91.02,31.55,68.19,6.86,12.27,2.85,72.4,576.5,19.08,295.88,40.91,1203.76,8.22,44.16,62.99,98.59,0.0,6.89,1.41,5915,5864,5669,11779,6110,11753,0.598,0.48,0.77,0.58,PE,Nordeste,4129.34,52.379999999999995
2010,26,Pernambuco,260700,INAJÁ,34.5,77.73,42.09,80.06,17.15,49.75,2.39,14.54,3.29,27.83,425.0,41.19,182.73,15.2,830.36,6.29,23.76,52.01,98.05,0.79,10.62,1.95,9555,9526,11123,19081,7958,19023,0.523,0.4,0.711,0.503,PE,Nordeste,4753.3,30.05
2010,26,Pernambuco,260710,INGAZEIRA,24.1,83.47,34.39,91.03,34.5,81.02,4.14,18.68,3.53,66.67,544.0,20.9,286.41,34.86,1129.94,7.09,30.03,60.39,98.81,0.0,4.95,1.19,2290,2206,2040,4496,2456,4479,0.608,0.51,0.766,0.575,PE,Nordeste,4850.52,37.120000000000005
2010,26,Pernambuco,260720,IPOJUCA,22.8,84.27,26.4,93.34,20.18,57.31,2.72,22.52,3.0,120.42,666.67,8.71,362.68,67.94,1423.3,55.62,21.8,81.18,99.4,0.43,10.41,0.6,39890,40747,20918,80637,59719,80313,0.619,0.499,0.774,0.613,PE,Nordeste,112924.25,77.42
2010,26,Pernambuco,260730,IPUBI,34.3,77.84,38.97,89.78,30.64,37.31,3.05,13.88,2.42,56.0,510.0,26.09,231.47,27.81,855.48,11.61,35.5,45.3,96.32,0.0,9.95,3.68,13855,14265,10842,28120,17278,28031,0.55,0.433,0.712,0.541,PE,Nordeste,4950.43,47.11
2010,26,Pernambuco,260740,ITACURUBA,34.4,77.8,28.13,94.1,28.23,58.08,8.78,29.43,5.22,98.75,510.0,16.09,271.71,47.22,904.1,13.24,52.27,85.38,93.94,1.14,17.68,6.06,2135,2234,661,4369,3708,4366,0.595,0.523,0.712,0.567,PE,Nordeste,6321.07,65.51
2010,26,Pernambuco,260750,ITAÍBA,39.7,75.12,50.72,91.13,20.56,46.49,2.92,8.99,2.59,46.0,510.0,27.48,218.32,22.13,742.22,6.61,25.22,58.45,98.31,0.0,0.0,1.69,13042,13214,16568,26256,9688,26156,0.51,0.364,0.688,0.531,PE,Nordeste,6520.96,31.83
2010,26,Pernambuco,260760,ILHA DE ITAMARACÁ,17.4,87.57,18.08,93.52,30.89,74.04,4.43,25.33,4.0,87.33,736.5,15.06,394.85,49.19,1920.0,23.86,33.36,86.45,98.42,1.09,12.24,1.58,12564,9320,4891,21884,16993,18105,0.653,0.548,0.809,0.627,PE,Nordeste,5417.67,57.22
2010,26,Pernambuco,260765,ITAMBÉ,31.4,79.4,38.39,92.03,25.86,54.67,5.95,17.28,3.28,85.0,521.67,16.39,271.0,41.5,1025.47,35.89,28.59,92.11,99.48,0.0,11.11,0.52,17484,17914,5974,35398,29424,35337,0.575,0.463,0.727,0.566,PE,Nordeste,5694.57,64.48
2010,26,Pernambuco,260770,ITAPETIM,36.0,76.98,32.18,94.99,33.46,57.72,5.25,15.76,3.77,52.5,600.0,23.82,331.14,26.21,1332.55,12.48,32.39,66.24,99.6,0.45,11.22,0.4,6850,7031,5455,13881,8426,13851,0.592,0.494,0.704,0.598,PE,Nordeste,4275.34,44.870000000000005
2010,26,Pernambuco,260775,ITAPISSUMA,24.4,83.31,23.39,90.09,42.56,52.65,4.18,22.97,2.53,100.0,520.0,15.35,312.47,48.6,1426.04,35.21,24.49,89.87,100.0,0.0,10.54,0.0,12007,11762,5449,23769,18320,22824,0.633,0.564,0.764,0.589,PE,Nordeste,20208.33,59.7
2010,26,Pernambuco,260780,ITAQUITINGA,33.8,78.12,35.26,94.27,34.03,71.73,3.02,19.06,2.38,84.0,510.0,16.22,251.09,42.68,750.0,41.53,20.95,77.26,99.32,0.71,9.09,0.68,7882,7810,3628,15692,12064,15663,0.586,0.509,0.715,0.554,PE,Nordeste,6021.84,62.480000000000004
2010,26,Pernambuco,260790,JABOATÃO DOS GUARARAPES,15.95,89.67,11.08,92.37,38.27,62.75,11.21,38.87,7.77,153.14,1162.5,6.35,593.9,91.24,2838.47,53.85,20.27,92.31,99.94,0.61,6.25,0.06,304850,339770,14025,644620,630595,642986,0.717,0.642,0.83,0.692,PE,Nordeste,12966.6,74.12
2010,26,Pernambuco,260795,JAQUEIRA,26.7,81.98,44.12,92.18,25.13,53.66,4.38,14.9,3.03,63.33,510.0,24.15,256.76,25.15,1161.18,36.68,27.25,62.56,99.26,1.79,10.25,0.74,5705,5796,4419,11501,7082,11464,0.575,0.454,0.751,0.557,PE,Nordeste,4637.87,63.93
2010,26,Pernambuco,260800,JATAÚBA,34.3,77.88,43.98,94.66,16.17,64.83,3.3,10.61,1.93,67.0,510.5,20.78,244.26,33.09,876.86,7.97,37.1,31.09,98.08,0.54,5.53,1.92,7860,7959,6635,15819,9184,15813,0.53,0.381,0.712,0.549,PE,Nordeste,4581.16,45.07
2010,26,Pernambuco,260805,JATOBÁ,22.6,84.4,28.74,92.29,45.98,58.45,8.11,22.98,4.95,60.0,755.0,21.07,342.33,25.38,1461.6,30.65,19.07,77.92,99.67,0.0,4.21,0.33,6837,7126,7881,13963,6082,13915,0.645,0.573,0.775,0.604,PE,Nordeste,4556.24,49.72
2010,26,Pernambuco,260810,JOÃO ALFREDO,32.8,78.66,44.77,93.25,33.61,65.92,2.7,10.21,2.75,70.57,535.0,19.74,276.15,34.37,926.93,22.24,26.61,63.52,99.54,0.62,5.01,0.46,14870,15873,15723,30743,15020,30689,0.576,0.466,0.72,0.569,PE,Nordeste,4513.7,48.849999999999994
2010,26,Pernambuco,260820,JOAQUIM NABUCO,42.5,73.79,38.72,92.85,32.73,60.51,3.45,13.58,2.06,87.5,510.0,15.13,263.01,44.3,924.89,43.73,24.68,77.55,99.79,1.25,9.0,0.21,7900,7873,4269,15773,11504,15762,0.554,0.449,0.676,0.561,PE,Nordeste,6720.58,68.41
2010,26,Pernambuco,260825,JUCATI,41.2,74.4,41.69,94.41,27.7,50.14,4.1,11.23,1.81,58.86,510.0,24.71,232.08,32.71,773.06,3.31,30.69,47.07,98.93,1.3,8.05,1.07,5272,5332,7776,10604,2828,10582,0.55,0.451,0.681,0.541,PE,Nordeste,4888.73,34.0
2010,26,Pernambuco,260830,JUPI,37.4,76.29,41.56,93.44,33.1,62.66,7.31,13.56,3.94,60.0,533.33,23.09,260.42,31.42,892.14,6.43,28.11,44.73,99.64,0.0,5.39,0.36,6683,7022,5349,13705,8356,13641,0.575,0.487,0.698,0.56,PE,Nordeste,5266.88,34.54
2010,26,Pernambuco,260840,JUREMA,41.2,74.4,48.07,94.29,28.39,41.54,3.38,8.06,1.04,38.0,510.0,30.28,206.22,22.86,707.63,3.78,28.34,77.25,99.14,0.0,8.6,0.86,7133,7408,5788,14541,8753,14475,0.509,0.372,0.681,0.522,PE,Nordeste,4436.59,32.12
2010,26,Pernambuco,260845,LAGOA DO CARRO,20.5,85.66,29.52,94.0,29.2,60.37,4.02,17.56,2.01,99.0,516.67,15.32,271.36,44.37,845.29,31.75,26.07,65.59,99.21,0.0,8.25,0.79,7854,8153,4375,16007,11632,15975,0.609,0.505,0.789,0.566,PE,Nordeste,4443.8,57.82
2010,26,Pernambuco,260850,LAGOA DE ITAENGA,22.8,84.27,35.12,96.78,37.22,70.26,7.64,14.7,2.43,95.0,514.0,13.83,252.8,49.84,900.86,31.64,29.59,73.88,99.64,0.88,8.45,0.36,10070,10589,3541,20659,17118,20600,0.602,0.509,0.774,0.555,PE,Nordeste,10780.93,61.230000000000004
2010,26,Pernambuco,260860,LAGOA DO OURO,30.1,80.11,49.14,94.54,21.61,43.64,5.36,10.74,2.32,50.0,505.0,26.09,224.13,28.99,807.1,6.41,34.77,91.88,99.51,0.0,6.8,0.49,5970,6162,6103,12132,6029,12010,0.525,0.369,0.733,0.536,PE,Nordeste,4495.61,41.18000000000001
2010,26,Pernambuco,260870,LAGOA DOS GATOS,31.7,79.22,49.44,92.25,22.56,49.61,4.88,11.08,2.32,66.0,515.0,21.98,253.4,34.97,927.99,7.77,32.41,62.46,99.97,0.0,6.62,0.03,7825,7790,6974,15615,8641,15589,0.551,0.416,0.725,0.555,PE,Nordeste,4202.27,40.17999999999999
2010,26,Pernambuco,260875,LAGOA GRANDE,35.9,77.04,32.35,92.98,29.37,48.31,2.62,18.52,3.55,89.0,515.5,16.39,296.99,38.6,1232.84,29.82,28.86,76.41,98.29,0.44,9.75,1.71,11317,11443,12344,22760,10416,22647,0.597,0.52,0.705,0.581,PE,Nordeste,11080.16,58.68
2010,26,Pernambuco,260880,LAJEDO,25.4,82.71,32.61,93.56,34.65,63.15,7.83,16.42,4.15,95.83,680.0,13.16,333.52,53.78,1238.28,15.08,29.13,81.59,99.45,1.46,10.67,0.55,17418,19210,10233,36628,26395,36429,0.611,0.503,0.758,0.599,PE,Nordeste,5313.86,44.21
2010,26,Pernambuco,260890,LIMOEIRO,19.2,86.45,24.77,93.35,35.55,65.29,8.39,25.82,4.96,127.4,755.0,9.27,398.37,69.07,1622.27,29.51,28.17,72.74,99.59,0.93,6.61,0.41,26826,28613,10879,55439,44560,54108,0.663,0.583,0.797,0.628,PE,Nordeste,5842.05,57.68000000000001
2010,26,Pernambuco,260900,MACAPARANA,22.1,84.7,40.3,93.82,45.26,65.78,5.38,17.24,3.96,82.67,532.5,17.16,278.93,41.9,1061.28,25.34,34.86,91.93,99.33,0.0,5.32,0.67,11666,12259,9092,23925,14833,23881,0.609,0.508,0.778,0.571,PE,Nordeste,4969.21,60.2
2010,26,Pernambuco,260910,MACHADOS,24.0,83.53,36.85,79.07,32.48,35.29,5.48,14.91,1.55,67.0,501.0,19.98,231.75,18.91,733.85,19.83,42.49,79.83,99.57,0.0,7.77,0.43,6551,7045,5142,13596,8454,13587,0.578,0.466,0.767,0.541,PE,Nordeste,4978.37,62.32
2010,26,Pernambuco,260915,MANARI,41.1,74.45,53.53,89.48,13.0,34.79,0.79,6.28,1.47,26.0,355.0,41.05,155.49,16.59,567.1,3.75,10.33,30.95,97.95,0.53,4.2,2.05,9128,8955,14265,18083,3818,18079,0.487,0.354,0.682,0.477,PE,Nordeste,3791.09,14.08
2010,26,Pernambuco,260920,MARAIAL,37.5,76.24,45.88,90.76,20.19,44.65,4.8,12.87,2.04,65.5,460.0,22.18,232.31,31.97,998.48,29.86,39.9,73.85,98.21,0.79,6.68,1.79,6170,6060,3671,12230,8559,11908,0.534,0.403,0.698,0.541,PE,Nordeste,7472.93,69.75999999999999
2010,26,Pernambuco,260930,MIRANDIBA,23.7,83.75,30.64,91.04,34.25,50.88,7.56,19.19,3.08,28.0,470.0,34.58,193.86,16.06,823.43,10.12,21.45,67.01,96.88,0.0,7.04,3.12,7116,7192,7167,14308,7141,14238,0.591,0.525,0.769,0.512,PE,Nordeste,4472.8,31.57
2010,26,Pernambuco,260940,MORENO,18.1,87.17,21.07,91.71,36.96,63.48,4.89,24.78,3.75,105.0,600.0,12.07,356.7,55.73,1528.36,47.01,27.44,91.35,99.82,0.26,4.33,0.18,27664,29032,6499,56696,50197,56553,0.652,0.564,0.805,0.61,PE,Nordeste,5350.7,74.45
2010,26,Pernambuco,260950,NAZARÉ DA MATA,20.5,85.66,23.36,90.51,37.88,73.86,8.25,26.0,5.72,122.0,696.67,11.04,351.46,62.93,1324.76,52.18,25.02,86.3,99.54,1.51,8.15,0.46,14747,16049,3614,30796,27182,30631,0.662,0.604,0.789,0.608,PE,Nordeste,7549.32,77.2
2010,26,Pernambuco,260960,OLINDA,14.79,90.07,8.35,91.35,40.61,64.61,16.71,45.71,11.79,169.67,1371.5,4.99,640.13,101.28,2763.48,51.1,19.6,97.33,99.93,0.38,6.62,0.07,174724,203055,7447,377779,370332,376158,0.735,0.675,0.836,0.704,PE,Nordeste,8275.69,70.7
2010,26,Pernambuco,260970,OROBÓ,20.8,85.48,38.13,91.87,38.56,74.52,6.56,14.77,2.85,46.8,510.0,25.35,237.64,19.85,794.6,13.65,23.59,53.87,99.63,0.0,1.71,0.37,11067,11811,14645,22878,8233,22858,0.61,0.528,0.787,0.545,PE,Nordeste,4472.3,37.24
2010,26,Pernambuco,260980,OROCÓ,24.1,83.48,31.51,93.74,48.99,37.26,4.08,20.03,3.69,60.4,498.75,23.16,224.41,34.53,852.59,6.21,32.73,84.23,98.93,0.85,3.46,1.07,6571,6609,8563,13180,4617,13129,0.61,0.553,0.766,0.536,PE,Nordeste,8918.32,38.94
2010,26,Pernambuco,260990,OURICURI,22.9,84.2,36.51,89.2,23.94,38.89,3.83,15.59,3.59,46.67,513.33,25.72,291.75,18.56,1425.84,17.64,30.55,60.18,97.56,0.34,5.11,2.44,31699,32659,31762,64358,32596,64222,0.572,0.419,0.773,0.578,PE,Nordeste,4802.41,48.19
2010,26,Pernambuco,261000,PALMARES,28.1,81.2,27.34,92.31,32.96,52.04,7.05,27.24,5.51,101.0,606.67,13.14,311.09,50.24,1152.2,38.78,28.44,88.52,99.74,0.39,9.82,0.26,28803,30723,12640,59526,46886,58392,0.622,0.55,0.744,0.588,PE,Nordeste,7848.39,67.22
2010,26,Pernambuco,261010,PALMEIRINA,41.2,74.4,42.08,91.49,26.59,49.8,5.49,16.64,3.87,62.5,520.0,22.85,251.44,37.23,912.69,12.66,37.15,73.76,99.15,0.0,5.37,0.85,3986,4203,3011,8189,5178,8184,0.549,0.438,0.681,0.554,PE,Nordeste,5061.53,49.81
2010,26,Pernambuco,261020,PANELAS,22.1,84.65,49.2,96.54,29.5,50.36,8.74,11.16,2.56,36.0,531.33,29.62,238.61,20.45,1027.93,6.73,26.94,62.99,99.07,0.0,9.04,0.93,12588,13057,11681,25645,13964,25599,0.569,0.433,0.778,0.546,PE,Nordeste,4104.42,33.67
2010,26,Pernambuco,261030,PARANATAMA,36.3,76.83,46.67,94.5,21.8,41.13,5.74,11.42,1.46,27.83,510.0,34.36,213.74,14.18,710.7,6.36,11.66,42.28,99.74,0.9,3.1,0.26,5518,5483,8760,11001,2241,10927,0.537,0.418,0.703,0.528,PE,Nordeste,4683.05,18.02
2010,26,Pernambuco,261040,PARNAMIRIM,22.4,84.5,31.77,90.18,27.49,56.08,6.07,19.4,3.92,42.4,515.0,30.95,255.27,22.04,1211.76,14.82,32.32,57.59,94.91,0.43,9.58,5.09,10280,9944,11847,20224,8377,20124,0.599,0.499,0.776,0.556,PE,Nordeste,5116.95,47.14
2010,26,Pernambuco,261050,PASSIRA,24.6,83.18,40.94,92.12,38.22,58.7,6.07,13.09,2.01,71.56,523.33,19.53,259.04,30.93,981.86,15.17,30.81,63.84,99.85,0.0,4.08,0.15,13980,14648,14683,28628,13945,28495,0.592,0.487,0.763,0.559,PE,Nordeste,4473.43,45.98
2010,26,Pernambuco,261060,PAUDALHO,21.5,85.05,26.59,93.35,36.87,46.2,4.68,23.36,4.3,106.0,572.0,11.74,360.06,55.95,1699.68,51.26,25.46,81.26,99.58,0.0,7.43,0.42,25205,26152,15025,51357,36332,51106,0.639,0.545,0.782,0.612,PE,Nordeste,5151.75,76.72
2010,26,Pernambuco,261070,PAULISTA,15.0,89.42,7.34,91.41,46.49,64.38,13.42,46.24,7.69,168.8,1040.0,5.25,528.04,100.4,1978.23,53.23,18.85,97.84,99.97,0.24,5.04,0.03,141630,158836,0,300466,300466,299758,0.732,0.703,0.83,0.673,PE,Nordeste,7084.49,72.08
2010,26,Pernambuco,261080,PEDRA,28.2,81.16,40.62,90.65,26.04,48.24,4.47,17.59,4.22,60.0,530.0,23.23,244.48,28.34,1046.25,8.0,36.92,60.29,98.37,0.95,14.49,1.63,10473,10471,8946,20944,11998,20933,0.567,0.445,0.743,0.55,PE,Nordeste,6504.67,44.92
2010,26,Pernambuco,261090,PESQUEIRA,26.8,81.93,31.16,94.59,31.97,55.02,6.68,21.87,5.06,70.0,652.5,20.08,329.16,38.71,1430.89,19.74,29.13,71.46,99.06,0.0,11.59,0.94,30615,32316,17805,62931,45126,62295,0.61,0.506,0.751,0.597,PE,Nordeste,5507.33,48.87
2010,26,Pernambuco,261100,PETROLÂNDIA,26.0,82.37,23.54,93.61,34.36,68.79,4.44,25.53,5.95,83.0,660.0,16.39,344.04,44.75,1469.8,23.08,33.21,90.13,98.68,0.63,13.08,1.32,15947,16545,8871,32492,23621,32416,0.623,0.531,0.755,0.604,PE,Nordeste,21715.14,56.29
2010,26,Pernambuco,261110,PETROLINA,18.67,86.63,15.39,92.63,36.9,48.44,12.26,36.21,9.46,142.4,1030.67,6.99,605.06,84.64,3215.64,44.03,22.7,91.95,99.18,0.62,8.16,0.82,143252,150710,74747,293962,219215,291908,0.697,0.611,0.799,0.695,PE,Nordeste,10708.48,66.73
2010,26,Pernambuco,261120,POÇÃO,42.3,73.88,42.45,94.12,14.3,54.1,4.92,14.18,3.31,42.67,518.0,29.56,233.91,22.87,899.48,7.97,30.04,53.8,99.72,0.0,19.1,0.28,5375,5867,4254,11242,6988,11195,0.528,0.402,0.677,0.542,PE,Nordeste,4388.74,38.01
2010,26,Pernambuco,261130,POMBOS,20.2,85.84,36.18,90.52,32.25,60.39,2.27,13.97,3.02,100.0,600.0,12.99,302.97,51.66,1047.3,20.82,26.55,70.64,99.35,0.0,1.42,0.65,11882,12164,8035,24046,16011,23940,0.598,0.463,0.79,0.584,PE,Nordeste,5962.56,47.370000000000005
2010,26,Pernambuco,261140,PRIMAVERA,23.9,83.59,36.0,88.87,19.78,62.68,2.7,16.24,2.83,105.5,532.5,10.91,281.27,63.07,907.4,37.67,28.51,68.62,99.51,0.76,7.53,0.49,6882,6557,4860,13439,8579,13241,0.58,0.444,0.767,0.572,PE,Nordeste,5190.09,66.18
2010,26,Pernambuco,261150,QUIPAPÁ,28.2,81.13,47.87,92.03,32.47,46.01,5.33,10.55,2.43,66.67,493.33,21.35,215.92,31.33,738.4,24.59,28.42,78.48,99.07,0.79,7.68,0.93,11918,12268,12373,24186,11813,24064,0.552,0.427,0.743,0.53,PE,Nordeste,5400.39,53.010000000000005
2010,26,Pernambuco,261153,QUIXABA,26.5,82.11,38.62,94.31,42.1,60.78,6.82,10.55,2.55,33.5,510.0,27.64,216.87,23.91,683.81,20.34,22.29,50.78,99.72,0.0,3.3,0.28,3325,3414,4244,6739,2495,6739,0.577,0.482,0.752,0.53,PE,Nordeste,4201.32,42.629999999999995
2010,26,Pernambuco,261160,RECIFE,15.56,89.01,8.49,92.12,45.68,63.59,19.82,49.62,19.11,176.5,2525.0,4.77,1144.26,109.26,6503.22,51.19,17.74,97.45,99.92,0.6,6.28,0.08,709819,827885,0,1537704,1537704,1524313,0.772,0.698,0.825,0.798,PE,Nordeste,19540.2,68.92999999999999
2010,26,Pernambuco,261170,RIACHO DAS ALMAS,25.8,82.53,42.63,90.87,27.69,49.41,5.17,10.29,1.89,83.33,578.0,17.62,306.61,37.56,1145.0,9.52,35.43,49.94,99.37,0.99,5.8,0.63,9417,9745,10400,19162,8762,19152,0.57,0.418,0.757,0.586,PE,Nordeste,5275.75,44.95
2010,26,Pernambuco,261180,RIBEIRÃO,34.5,77.77,29.4,88.92,29.31,55.13,3.85,23.59,3.74,106.4,590.0,9.98,324.47,64.67,1278.44,44.03,24.85,88.59,99.62,0.0,7.87,0.38,21734,22705,10436,44439,34003,44315,0.602,0.516,0.711,0.595,PE,Nordeste,5758.21,68.88
2010,26,Pernambuco,261190,RIO FORMOSO,17.4,87.59,29.86,86.9,37.24,61.9,5.07,23.65,3.21,103.67,510.33,12.51,264.16,51.61,832.8,55.65,13.93,80.54,99.94,0.0,14.34,0.06,11127,11024,8778,22151,13373,22133,0.613,0.506,0.809,0.562,PE,Nordeste,8308.92,69.58
2010,26,Pernambuco,261200,SAIRÉ,21.2,85.25,41.87,94.23,33.02,58.23,4.8,10.0,1.05,110.0,536.0,10.97,297.91,57.75,988.42,15.95,38.48,74.78,99.33,0.0,8.04,0.67,5534,5706,4935,11240,6305,11177,0.585,0.44,0.784,0.581,PE,Nordeste,7584.34,54.42999999999999
2010,26,Pernambuco,261210,SALGADINHO,30.8,79.72,51.63,83.13,10.51,61.88,3.74,13.14,1.49,30.0,436.67,27.47,198.91,16.97,715.15,27.46,20.33,44.47,96.19,0.0,4.66,3.81,4679,4633,6250,9312,3062,9242,0.534,0.405,0.73,0.516,PE,Nordeste,5796.12,47.79
2010,26,Pernambuco,261220,SALGUEIRO,18.9,86.62,20.81,93.07,36.07,56.64,10.99,28.62,7.69,100.0,823.33,13.7,441.79,50.22,2129.22,35.09,25.46,87.62,99.12,1.16,8.27,0.88,27604,29025,10916,56629,45713,55966,0.669,0.58,0.799,0.645,PE,Nordeste,7865.07,60.550000000000004
2010,26,Pernambuco,261230,SALOÁ,28.1,81.2,42.94,97.07,24.92,41.48,4.67,11.67,1.63,35.71,520.0,29.48,259.1,21.46,1028.05,6.17,29.04,54.78,99.12,0.0,10.58,0.88,7383,7926,7641,15309,7668,15236,0.559,0.421,0.744,0.559,PE,Nordeste,4610.77,35.21
2010,26,Pernambuco,261240,SANHARÓ,25.5,82.66,32.77,90.26,41.34,51.35,4.85,16.43,3.66,76.33,516.67,18.03,267.58,43.76,1081.8,14.14,39.5,81.07,99.73,0.53,12.05,0.27,10760,11195,9455,21955,12500,21929,0.603,0.514,0.758,0.564,PE,Nordeste,4761.58,53.64
2010,26,Pernambuco,261245,SANTA CRUZ,32.3,78.9,41.91,94.82,30.69,45.63,4.58,12.42,2.46,28.0,503.33,34.75,206.07,18.79,825.83,3.46,25.3,41.67,93.37,0.0,7.91,6.63,6810,6784,9147,13594,4447,13582,0.549,0.438,0.722,0.522,PE,Nordeste,4289.46,28.76
2010,26,Pernambuco,261247,SANTA CRUZ DA BAIXA VERDE,20.9,85.39,33.43,92.13,43.78,50.56,9.19,16.17,2.82,63.33,517.5,22.31,256.26,29.24,926.61,13.51,25.38,65.79,99.17,0.0,7.45,0.83,5812,5956,6491,11768,5277,11728,0.612,0.523,0.786,0.557,PE,Nordeste,3578.65,38.89
2010,26,Pernambuco,261250,SANTA CRUZ DO CAPIBARIBE,17.9,87.27,20.68,90.4,29.48,58.3,3.35,16.61,2.68,198.8,882.5,3.13,507.05,128.18,1865.37,16.48,38.04,79.67,99.92,0.22,7.29,0.08,42373,45209,1988,87582,85594,86786,0.648,0.506,0.806,0.667,PE,Nordeste,6618.23,54.519999999999996
2010,26,Pernambuco,261255,SANTA FILOMENA,26.6,82.03,41.07,93.25,20.35,52.87,3.47,10.61,2.88,27.83,386.25,38.32,175.48,17.63,667.85,5.02,25.08,36.57,93.15,0.0,11.99,6.85,6759,6612,11145,13371,2226,13351,0.533,0.406,0.752,0.496,PE,Nordeste,3995.07,30.099999999999998
2010,26,Pernambuco,261260,SANTA MARIA DA BOA VISTA,22.9,84.18,27.49,93.47,27.52,56.29,5.01,19.06,3.62,60.5,515.0,22.14,267.86,29.71,1166.62,10.81,27.09,76.59,97.71,0.38,10.3,2.29,19868,19567,24559,39435,14876,39425,0.59,0.472,0.773,0.564,PE,Nordeste,6955.82,37.9
2010,26,Pernambuco,261270,SANTA MARIA DO CAMBUCÁ,29.8,80.26,43.99,94.45,27.12,48.95,3.08,9.71,2.17,81.56,513.33,16.22,279.1,40.91,918.53,8.01,40.55,33.56,99.75,1.38,8.7,0.25,6474,6547,9746,13021,3275,12993,0.548,0.393,0.735,0.571,PE,Nordeste,5581.82,48.559999999999995
2010,26,Pernambuco,261280,SANTA TEREZINHA,29.4,80.47,32.23,93.17,34.18,38.33,5.42,17.47,3.64,40.5,511.67,28.32,229.83,23.2,826.55,10.03,26.46,69.63,98.64,0.66,5.24,1.36,5385,5606,4115,10991,6876,10980,0.593,0.524,0.737,0.54,PE,Nordeste,3870.62,36.49
2010,26,Pernambuco,261290,SÃO BENEDITO DO SUL,29.5,80.42,41.89,81.16,24.68,43.52,3.21,13.55,1.65,30.0,445.0,30.47,178.27,14.3,626.84,26.7,35.48,65.47,99.93,0.0,13.98,0.07,7017,6924,6783,13941,7158,13894,0.53,0.406,0.736,0.499,PE,Nordeste,3734.22,62.17999999999999
2010,26,Pernambuco,261300,SÃO BENTO DO UNA,20.4,85.71,37.53,88.61,28.18,31.38,4.6,13.49,2.95,66.75,516.0,20.97,319.47,33.14,1572.52,17.76,27.52,58.05,99.5,0.77,4.92,0.5,26564,26678,25343,53242,27899,53150,0.593,0.446,0.789,0.593,PE,Nordeste,5358.7,45.28
2010,26,Pernambuco,261310,SÃO CAITANO,25.8,82.51,37.26,93.51,38.3,37.4,3.48,12.38,2.79,77.5,568.0,18.6,300.16,35.7,1080.83,24.7,28.71,66.51,99.09,0.0,4.99,0.91,17203,18071,8195,35274,27079,35116,0.591,0.469,0.756,0.583,PE,Nordeste,4485.17,53.41
2010,26,Pernambuco,261320,SÃO JOÃO,23.7,83.7,42.18,92.64,28.03,49.52,3.99,11.61,3.07,52.5,550.0,25.34,269.44,28.57,1115.71,6.22,27.32,62.37,99.64,0.91,10.0,0.36,10441,10871,11656,21312,9656,21294,0.57,0.426,0.768,0.565,PE,Nordeste,4867.68,33.54
2010,26,Pernambuco,261330,SÃO JOAQUIM DO MONTE,28.6,80.94,44.63,92.76,28.27,47.22,2.76,9.48,2.73,48.0,510.0,25.25,244.22,24.89,863.58,9.58,37.64,81.56,99.06,0.0,14.58,0.94,10195,10293,6366,20488,14122,20399,0.537,0.381,0.741,0.549,PE,Nordeste,5541.93,47.22
2010,26,Pernambuco,261340,SÃO JOSÉ DA COROA GRANDE,29.6,80.4,29.31,92.23,31.08,55.66,6.91,25.41,5.01,65.5,613.17,21.15,304.5,30.74,1361.5,31.07,25.49,88.52,99.77,0.41,15.59,0.23,8867,9313,4744,18180,13436,18103,0.608,0.522,0.736,0.585,PE,Nordeste,4806.57,56.56
2010,26,Pernambuco,261350,SÃO JOSÉ DO BELMONTE,23.7,83.75,36.63,90.95,35.41,51.18,7.38,19.27,3.78,53.33,555.0,23.99,275.14,24.87,1072.44,18.66,30.5,68.29,98.05,0.61,8.74,1.95,16241,16376,16449,32617,16168,32561,0.61,0.52,0.769,0.569,PE,Nordeste,4349.1,49.16
2010,26,Pernambuco,261360,SÃO JOSÉ DO EGITO,23.6,83.77,27.59,92.71,35.65,64.72,7.91,19.98,4.89,87.43,655.0,16.55,338.9,45.02,1357.72,13.65,28.64,76.42,99.49,0.8,10.25,0.51,15518,16311,10869,31829,20960,31767,0.635,0.554,0.769,0.602,PE,Nordeste,5082.6,42.29
2010,26,Pernambuco,261370,SÃO LOURENÇO DA MATA,19.8,86.07,19.7,92.73,32.26,61.68,6.11,28.11,3.23,115.6,680.0,11.04,364.43,60.28,1413.47,48.12,24.5,88.46,99.78,0.31,7.83,0.22,50016,52879,6118,102895,96777,102844,0.653,0.571,0.793,0.614,PE,Nordeste,5070.81,72.62
2010,26,Pernambuco,261380,SÃO VICENTE FERRER,33.7,78.15,39.66,92.35,25.29,42.33,4.15,13.01,2.74,69.0,510.0,20.16,257.47,38.25,1033.46,15.59,49.1,68.83,99.59,0.49,6.96,0.41,8369,8631,5799,17000,11201,16977,0.549,0.414,0.715,0.558,PE,Nordeste,5579.51,64.69
2010,26,Pernambuco,261390,SERRA TALHADA,18.8,86.7,26.52,92.95,42.98,47.83,11.46,26.04,5.32,97.14,810.0,14.68,407.34,47.02,1817.08,28.12,24.71,83.64,99.61,0.66,5.68,0.39,37827,41405,17957,79232,61275,79008,0.661,0.571,0.8,0.632,PE,Nordeste,8941.93,52.83
2010,26,Pernambuco,261400,SERRITA,25.1,82.91,34.31,88.33,34.88,30.31,9.5,19.66,3.95,40.57,503.33,27.94,233.56,22.79,989.6,7.69,36.42,47.0,98.65,0.0,5.9,1.35,9199,9132,11975,18331,6356,18303,0.595,0.512,0.76,0.542,PE,Nordeste,4269.33,44.11
2010,26,Pernambuco,261410,SERTÂNIA,26.5,82.11,34.08,89.7,32.04,54.6,6.3,20.12,5.17,63.75,666.67,21.81,337.53,21.08,1557.37,26.29,31.46,64.92,99.65,0.9,9.05,0.35,16500,17287,15230,33787,18557,33725,0.613,0.51,0.752,0.601,PE,Nordeste,5882.95,57.75
2010,26,Pernambuco,261420,SIRINHAÉM,24.7,83.15,32.67,89.88,31.25,61.29,3.92,19.25,2.58,110.33,518.4,8.7,273.75,67.57,941.87,65.77,15.68,79.36,99.49,1.0,7.91,0.51,20348,19948,18812,40296,21484,39858,0.597,0.492,0.763,0.568,PE,Nordeste,7914.8,81.44999999999999
2010,26,Pernambuco,261430,MOREILÂNDIA,23.9,83.63,32.72,93.33,43.0,59.37,9.64,18.45,5.01,36.8,483.33,29.35,206.11,23.32,798.65,18.69,25.35,65.13,99.37,1.89,0.0,0.63,5591,5541,4294,11132,6838,11081,0.6,0.54,0.768,0.522,PE,Nordeste,4550.58,44.040000000000006
2010,26,Pernambuco,261440,SOLIDÃO,26.1,82.32,34.15,92.22,28.98,56.02,3.46,14.64,2.97,33.67,510.0,30.11,240.64,19.77,916.49,12.17,25.2,42.52,98.92,0.0,0.0,1.08,2902,2842,3913,5744,1831,5744,0.585,0.485,0.755,0.547,PE,Nordeste,4391.47,37.37
2010,26,Pernambuco,261450,SURUBIM,25.8,82.49,31.04,93.48,38.7,71.64,7.42,20.78,4.11,106.8,666.67,12.33,372.11,55.71,1499.82,27.24,27.72,82.11,99.95,0.26,5.89,0.05,27994,30521,14479,58515,44036,58439,0.635,0.548,0.756,0.617,PE,Nordeste,6117.23,54.959999999999994
2010,26,Pernambuco,261460,TABIRA,23.5,83.86,29.0,91.0,39.96,64.23,4.77,16.66,3.52,78.0,550.0,18.5,278.14,37.87,1031.01,12.6,31.71,75.87,99.2,0.8,3.37,0.8,12967,13460,6658,26427,19769,26370,0.605,0.504,0.77,0.57,PE,Nordeste,4282.37,44.31
2010,26,Pernambuco,261470,TACAIMBÓ,27.4,81.62,45.89,89.42,19.31,63.43,0.98,12.28,3.31,34.0,527.5,26.26,225.21,19.04,782.55,16.57,16.93,51.97,99.08,0.0,8.0,0.92,6256,6469,5640,12725,7085,12711,0.554,0.423,0.748,0.536,PE,Nordeste,4391.36,33.5
2010,26,Pernambuco,261480,TACARATU,34.7,77.67,32.19,88.76,31.82,42.4,4.07,15.62,2.15,34.0,482.0,28.74,205.06,16.95,655.48,11.85,31.12,43.09,98.3,0.0,10.5,1.7,11159,10909,12876,22068,9192,21919,0.573,0.507,0.711,0.521,PE,Nordeste,3950.44,42.97
2010,26,Pernambuco,261485,TAMANDARÉ,27.8,81.36,29.05,93.0,22.47,54.89,3.27,21.16,3.78,83.33,535.0,16.0,301.15,38.25,1316.47,34.98,30.74,82.97,99.8,1.37,9.03,0.2,10410,10305,5545,20715,15170,20677,0.593,0.479,0.745,0.583,PE,Nordeste,6644.9,65.72
2010,26,Pernambuco,261500,TAQUARITINGA DO NORTE,19.3,86.36,29.24,89.92,23.9,70.23,6.09,15.67,2.53,166.67,750.0,4.23,419.74,97.96,1357.17,15.45,47.56,44.39,99.84,1.02,6.43,0.16,12332,12571,6942,24903,17961,24693,0.641,0.52,0.796,0.636,PE,Nordeste,4672.63,63.010000000000005
2010,26,Pernambuco,261510,TEREZINHA,34.6,77.71,47.03,92.23,24.74,58.51,2.05,13.25,2.32,49.17,506.67,26.1,225.28,26.61,872.36,7.0,37.43,54.4,99.35,0.0,5.9,0.65,3271,3466,3877,6737,2860,6709,0.545,0.425,0.711,0.536,PE,Nordeste,4766.98,44.43
2010,26,Pernambuco,261520,TERRA NOVA,28.7,80.89,26.69,93.64,36.29,68.37,5.59,19.95,5.14,49.0,510.0,25.53,237.89,26.29,784.6,17.76,30.9,77.65,99.35,0.0,9.63,0.65,4723,4555,4264,9278,5014,9259,0.599,0.533,0.741,0.545,PE,Nordeste,4791.66,48.66
2010,26,Pernambuco,261530,TIMBAÚBA,23.6,83.78,26.54,95.37,29.71,81.69,6.21,21.25,4.24,100.0,627.5,14.55,318.8,47.6,1179.3,36.25,29.8,83.87,99.37,0.0,5.33,0.63,25904,27921,7458,53825,46367,53633,0.618,0.519,0.769,0.592,PE,Nordeste,8280.84,66.05
2010,26,Pernambuco,261540,TORITAMA,19.2,86.48,26.56,87.08,20.24,53.79,3.22,14.33,2.42,196.67,800.0,2.71,470.44,129.94,1572.46,14.01,55.52,80.18,100.0,0.62,12.46,0.0,17421,18133,1429,35554,34125,35333,0.618,0.452,0.797,0.655,PE,Nordeste,6236.38,69.53
2010,26,Pernambuco,261550,TRACUNHAÉM,22.4,84.5,32.3,95.63,31.18,65.02,2.62,16.23,2.15,107.14,522.5,9.22,272.81,66.59,1047.42,50.22,25.96,79.14,99.46,0.0,11.77,0.54,6363,6692,2086,13055,10969,13042,0.605,0.504,0.776,0.567,PE,Nordeste,5481.91,76.18
2010,26,Pernambuco,261560,TRINDADE,23.9,83.63,32.85,94.46,21.4,54.28,5.24,17.02,4.95,90.0,604.0,14.5,338.39,47.32,1568.83,24.43,37.04,85.71,99.47,0.57,9.99,0.53,12896,13220,3652,26116,22464,26033,0.595,0.455,0.768,0.602,PE,Nordeste,5401.21,61.47
2010,26,Pernambuco,261570,TRIUNFO,16.4,88.24,21.72,91.43,36.25,58.22,15.43,24.89,6.16,97.0,706.67,15.96,389.44,44.86,1692.85,18.69,25.59,65.93,99.62,0.0,5.23,0.38,7180,7826,7062,15006,7944,14938,0.67,0.591,0.817,0.624,PE,Nordeste,4611.46,44.28
2010,26,Pernambuco,261580,TUPANATINGA,27.5,81.56,49.72,92.91,19.55,59.8,4.44,9.86,2.72,22.4,398.67,45.08,172.52,12.04,766.48,3.97,23.1,45.89,98.36,0.0,8.76,1.64,12115,12310,15891,24425,8534,24346,0.519,0.379,0.747,0.494,PE,Nordeste,4541.21,27.07
2010,26,Pernambuco,261590,TUPARETAMA,27.1,81.79,26.97,93.82,25.63,59.92,8.03,17.65,4.45,122.67,680.0,7.08,360.29,73.79,1272.35,11.35,44.51,81.29,99.77,0.0,6.82,0.23,3852,4073,1574,7925,6351,7885,0.634,0.557,0.749,0.612,PE,Nordeste,4999.96,55.86
2010,26,Pernambuco,261600,VENTUROSA,26.8,81.93,34.68,94.9,31.78,49.47,4.21,15.15,3.58,76.67,517.5,18.59,276.94,39.73,1066.55,8.89,40.43,60.95,99.39,0.0,11.71,0.61,7860,8192,5709,16052,10343,15982,0.592,0.484,0.751,0.57,PE,Nordeste,5664.09,49.32
2010,26,Pernambuco,261610,VERDEJANTE,25.1,82.91,33.64,89.13,39.73,64.63,4.29,17.74,5.36,50.5,525.0,26.06,260.66,24.55,1016.85,11.17,26.13,75.41,97.35,0.0,10.51,2.65,4484,4658,6450,9142,2692,9094,0.605,0.52,0.76,0.56,PE,Nordeste,4469.9,37.3
2010,26,Pernambuco,261618,VERTENTE DO LÉRIO,31.5,79.32,43.16,93.89,26.66,50.52,1.61,10.41,1.89,66.0,490.86,21.34,219.88,30.28,665.82,19.1,28.05,2.38,99.53,0.0,4.93,0.47,3867,4006,6060,7873,1813,7871,0.563,0.461,0.726,0.532,PE,Nordeste,8029.24,47.150000000000006
2010,26,Pernambuco,261620,VERTENTES,31.0,79.58,30.15,91.83,20.11,41.15,4.26,14.02,3.28,112.5,626.0,10.58,337.92,63.45,1153.98,12.38,43.65,62.58,99.49,0.0,3.7,0.51,8936,9286,5281,18222,12941,18193,0.582,0.45,0.728,0.602,PE,Nordeste,5198.25,56.03
2010,26,Pernambuco,261630,VICÊNCIA,26.2,82.3,30.72,91.39,47.4,54.86,4.68,17.06,4.13,81.43,510.0,17.12,246.44,38.04,815.48,43.61,27.61,89.32,99.26,0.06,6.09,0.74,15183,15549,16927,30732,13805,30640,0.605,0.534,0.754,0.551,PE,Nordeste,5984.3,71.22
2010,26,Pernambuco,261640,VITÓRIA DE SANTO ANTÃO,23.8,83.66,26.78,92.74,32.74,62.21,7.99,23.2,4.75,124.4,735.0,10.51,401.16,65.13,1747.03,31.91,29.13,83.68,99.77,0.14,8.49,0.23,62409,67565,16545,129974,113429,129301,0.64,0.543,0.768,0.629,PE,Nordeste,9595.33,61.04
2010,26,Pernambuco,261650,XEXÉU,36.4,76.8,43.7,92.95,30.43,48.05,4.76,17.79,2.9,80.5,502.5,16.88,243.39,39.76,885.88,44.42,28.78,87.81,99.58,0.0,12.96,0.42,6995,7098,4923,14093,9170,14043,0.552,0.436,0.703,0.549,PE,Nordeste,4529.13,73.2
